Portfolio,Total Value,Duration,Mod Duration,Convexity
conservative,86.14700325529537,2.309136106113784,2.047832658845144,8.9726950512701
balanced,69.93868545812616,5.499033807680571,4.876759318624131,41.33019994956646
aggressive,64.18422526799334,7.5046490035759135,6.655417704483784,65.08288798969387
barbell,67.28286641466703,6.055263479064669,5.370045653657919,49.137491601997795
