Portfolio,Total Value,Duration,Mod Duration,Convexity
conservative,86.14700325529537,2.309136106113784,2.047832658845144,8.9726950512701
balanced,69.93868545812614,5.499033807680571,4.876759318624132,41.33019994956647
aggressive,64.18422526799333,7.504649003575914,6.655417704483783,65.08288798969387
barbell,67.28286641466703,6.055263479064668,5.370045653657917,49.13749160199777
