Portfolio,Total Value,Duration,Mod Duration,Convexity
balanced,77.55010314671703,5.8946271532177885,5.325582220445893,48.50431200158516
aggressive,87.45733270226056,8.068222339825212,7.437838751026942,77.71684025854692
barbell,80.8617124157978,7.41804978114427,6.829487629925845,69.90138589623193
